{"('         ', 4)": 0.48195471501358017, "('    X    ', 2)": 0.5055323470274469, "('  X X  O ', 8)": 0.899999999999999, "('  X X OOX', 0)": 0.9999999999999996, "('    X    ', 7)": 0.057286625331836746, "(' O  X  X ', 2)": 0.0, "(' OX XO X ', 0)": 0.0, "('XOX XOOX ', 3)": 0.0, "('    X    ', 1)": 0.10256398507481099, "('OX  X    ', 5)": 0.0, "('OX  XX O ', 6)": 0.0, "('OX OXXXO ', 8)": 0.0, "('    X    ', 6)": 0.23548699831755746, "('    X XO ', 8)": 0.0, "('  O X XOX', 1)": 0.0, "('OXO X XOX', 3)": 0.0, "('   OX X  ', 1)": 0.0, "(' XOOX X  ', 5)": 0.0, "(' XOOXXXO ', 8)": 0.0, "('    X    ', 5)": 0.4075889096112592, "('   OXX   ', 0)": 0.0, "('XO OXX   ', 6)": 0.0, "('XO OXXX O', 7)": 0.0, "(' OX X OX ', 5)": 0.0, "(' OX XXOXO', 0)": 0.0, "('  O X X  ', 1)": 0.0, "(' XO X XO ', 8)": 0.0, "(' XOOX XOX', 5)": 0.0, "('  X X OOX', 3)": 0.0, "('  XXXOOOX', 1)": 0.0, "('    X  XO', 5)": 0.0, "(' O  XX XO', 0)": 0.0, "('XO OXX XO', 6)": 0.0, "('  O X  X ', 0)": 0.0, "('XOO X  X ', 5)": 0.0, "('XOO XX XO', 6)": 0.0, "('  X XO   ', 1)": 0.0, "(' XX XOO  ', 3)": 0.0, "('OXXXXOO  ', 8)": 0.0, "('    X  XO', 3)": 0.0, "(' O XX  XO', 2)": 0.0, "(' OXXXO XO', 0)": 0.0, "('    X    ', 3)": 0.3268830100821488, "('   XX O  ', 2)": 0.0, "('  XXXOO  ', 8)": 0.0, "('  X X   O', 7)": 0.0, "('  X X OXO', 3)": 0.0, "(' OXXX OXO', 0)": 0.0, "('    X    ', 8)": 0.17219288597976823, "(' O  X   X', 2)": 0.27704761213293905, "('OOX X   X', 7)": 0.0, "('OOX XO XX', 3)": 0.0, "('OX  X    ', 3)": 0.0, "('OX XX  O ', 2)": 0.0, "('OXXXXO O ', 8)": 0.0, "('  X X O  ', 7)": 0.0, "('  X X OXO', 5)": 0.0, "('  X XO   ', 7)": 0.0, "('  X XOOX ', 0)": 0.0, "('  X X O  ', 3)": 0.0, "('O XXX O  ', 1)": 0.0, "('O   X X  ', 1)": 0.0, "('OXO X X  ', 5)": 0.0, "('OXO XXXO ', 8)": 0.0, "('    X    ', 0)": 0.09910885761937147, "('X   X   O', 5)": 0.0, "('X O XX  O', 1)": 0.0, "('XXOOXX  O', 6)": 0.0, "('O  XX    ', 6)": 0.4499999999998996, "('O  XXOX  ', 1)": 0.4999999999999998, "('OXOXXOX  ', 8)": 0.0, "('O   X  X ', 2)": 0.0, "('OOX X  X ', 3)": 0.0, "('OOXXX OX ', 8)": 0.0, "(' XO X    ', 3)": 0.0, "(' XOXX  O ', 8)": 0.0, "(' XOXXO OX', 6)": 0.0, "('X   XO   ', 2)": 0.4058612829728424, "('X X XO  O', 3)": 0.0, "('XOXXXO  O', 7)": 0.0, "('   OXX   ', 6)": 0.0, "('O  OXXX  ', 1)": 0.0, "('OXOOXXX  ', 8)": 0.0, "('    X OX ', 0)": 0.0, "('XO  X OX ', 2)": 0.0, "('XOX X OXO', 5)": 0.0, "('    X  OX', 1)": 0.0, "('OX  X  OX', 6)": 0.0, "('OX OX XOX', 5)": 0.0, "('O   XX   ', 6)": 0.0, "('    X XO ', 3)": 0.0, "('  OXX XO ', 8)": 0.0, "('  OXXOXOX', 1)": 0.0, "('   OX   X', 6)": 0.4730641484885359, "('O  OX X X', 5)": 0.0, "('O  OXXXOX', 1)": 0.0, "('    XXO  ', 0)": 0.0, "('X  OXXO  ', 7)": 0.0, "('X  OXXOXO', 2)": 0.0, "('  X XO   ', 3)": 0.0, "('   XXO   ', 8)": 0.0, "(' O XXO  X', 2)": 0.0, "('OOXXXO  X', 7)": 0.0, "('    X  XO', 2)": 0.0, "(' OX X  XO', 5)": 0.0, "('    X X O', 5)": 0.0, "('  O XXX O', 7)": 0.0, "('  OOXXXXO', 0)": 0.0, "('X   X  O ', 6)": 0.04707000000000001, "('X   X XOO', 5)": 0.0, "('X  OXXXOO', 1)": 0.0, "(' X  X O  ', 8)": 0.0, "(' X  X OOX', 3)": 0.0, "('OX XX OOX', 2)": 0.0, "('    X OX ', 5)": 0.0, "(' O  XXOX ', 0)": 0.0, "('XO OXXOX ', 2)": 0.0, "('    XX O ', 2)": 0.009000000000000001, "('  XOXX O ', 6)": 0.19, "(' O XX    ', 2)": 0.0, "(' OXXXO   ', 7)": 0.0, "(' OXXXOOX ', 0)": 0.0, "('O X X    ', 3)": 0.0, "('    X  OX', 3)": 0.0, "('O  XX  OX', 6)": 0.0, "('O  XXOXOX', 1)": 0.0, "('  O X   X', 1)": 0.0, "('OXO X   X', 6)": 0.0, "('OXO X XOX', 5)": 0.0, "('X  OX    ', 2)": 0.4058612829728424, "('X XOX   O', 6)": 0.7941088679053511, "('  XOX    ', 0)": 0.899999999999999, "('X XOX O  ', 7)": 0.0, "('XOXOX OX ', 5)": 0.0, "('X  OX    ', 6)": 0.0, "('X  OX X O', 5)": 0.0, "('X OOXXX O', 7)": 0.0, "('X   X O  ', 7)": 0.0, "('X   X OXO', 3)": 0.0, "('XO XX OXO', 2)": 0.0, "(' O  X X  ', 0)": 0.6421180438451778, "('XOO X X  ', 8)": 0.9353891811077333, "('    XX O ', 6)": 0.0, "('   OXXXO ', 1)": 0.0, "('  OXXO  X', 1)": 0.0, "('OXOXXO  X', 6)": 0.0, "('X  OX    ', 7)": 0.0, "('X  OX  XO', 5)": 0.0, "('XO OXX XO', 2)": 0.0, "(' XOOX X  ', 0)": 0.0, "('XXOOX XO ', 5)": 0.0, "('    X OX ', 2)": 0.0, "(' OX X OX ', 3)": 0.0, "('   OXX   ', 1)": 0.0, "(' XOOXX   ', 6)": 0.0, "('  O XX   ', 8)": 0.4499999999999995, "('  OOXX  X', 1)": 0.4999999999999998, "('OXOOXX  X', 6)": 0.0, "('O   X   X', 6)": 0.06712320754503902, "('   OX  X ', 6)": 0.0, "(' O OX XX ', 0)": 0.0, "('XO OX XXO', 5)": 0.0, "('  O XX   ', 1)": 0.0, "(' XOOXX   ', 8)": 0.0, "(' XOOXX OX', 6)": 0.0, "(' O XX    ', 0)": 0.06412131000000001, "('XO XXO   ', 7)": 0.0, "('XO XXOOX ', 2)": 0.0, "('   OX  X ', 5)": 0.0684401055311106, "(' O OXX X ', 2)": 0.15665, "('OOXOXX X ', 6)": 0.271, "(' OX X    ', 0)": 0.0, "('XOX X O  ', 7)": 0.0, "('    XX O ', 8)": 0.899999999999999, "('   OXX OX', 0)": 0.9999999999999996, "('O XXX O  ', 8)": 0.0, "('O XXXOO X', 1)": 0.0, "('   XX  O ', 8)": 0.0, "('   XXO OX', 2)": 0.0, "('O XXXO OX', 1)": 0.0, "('  O XXX O', 1)": 0.0, "(' XOOXXX O', 0)": 0.0, "('O   X   X', 1)": 0.0, "('OX  XO  X', 2)": 0.0, "('OXX XO OX', 3)": 0.0, "('   OX X  ', 8)": 0.5522907678709719, "('  OOX X X', 0)": 0.8784233454094308, "(' O  X  X ', 5)": 0.0, "(' O  XX XO', 2)": 0.0, "(' OXOXX XO', 0)": 0.0, "('   XX   O', 2)": 0.0, "('  XXXO  O', 7)": 0.0, "('  XXXOOXO', 0)": 0.0, "(' O OXX X ', 0)": 0.0, "('XOOOXX X ', 6)": 0.0, "('XO  X    ', 2)": 0.0, "('XOX X   O', 7)": 0.0, "('XOX X OXO', 3)": 0.0, "('X O X    ', 5)": 0.0, "('X   X OXO', 5)": 0.0, "('XO  XXOXO', 2)": 0.0, "(' X  XO   ', 3)": 0.0, "(' X XXO O ', 6)": 0.0, "('OX XXOXO ', 8)": 0.0, "(' X  X  O ', 8)": 0.0, "('    X O X', 3)": 0.0, "('O  XX O X', 7)": 0.0, "('O  XXOOXX', 2)": 0.0, "(' OX X    ', 7)": 0.0, "('XO  X    ', 5)": 0.0, "('XO  XX  O', 2)": 0.0, "('XOXOXX  O', 7)": 0.0, "(' O  XX   ', 2)": 0.899999999999999, "(' OXOXX   ', 6)": 0.9999999999999996, "('   OX X  ', 7)": 0.0, "('  OOX XX ', 5)": 0.0, "('OXO X   X', 3)": 0.0, "('OXOXX  OX', 6)": 0.0, "('O  XX O X', 2)": 0.0, "('O XXXOO X', 7)": 0.0, "('O XXX O  ', 7)": 0.0, "('O XXXOOX ', 8)": 0.0, "('    X  XO', 6)": 0.06736248, "(' O  X XXO', 0)": 0.26085155000000004, "('XOO X XXO', 5)": 0.0, "('XO  X    ', 3)": 0.0, "('XO XX   O', 2)": 0.0, "('   XX  O ', 2)": 0.0, "('  XXXO O ', 8)": 0.0, "('   XX O  ', 0)": 0.44999999999999896, "('X  XXOO  ', 7)": 0.4999999999999998, "('X  XXOOXO', 2)": 0.0, "('   XX  O ', 6)": 0.04707000000000001, "('   XXOXO ', 8)": 0.0, "(' O  XX   ', 7)": 0.01665, "(' O XX    ', 7)": 0.0045000000000000005, "(' O XXO X ', 2)": 0.0, "('OOXXXO X ', 8)": 0.0, "('OXO X   X', 5)": 0.0, "('OXO XX OX', 6)": 0.0, "(' X  X   O', 6)": 0.0, "(' X  X XOO', 5)": 0.0, "(' XO XXXOO', 0)": 0.0, "('X X XO  O', 6)": 0.7941088679053511, "('X XOX O  ', 5)": 0.0, "('XOXOXXO  ', 7)": 0.0, "(' X  X  O ', 0)": 0.0, "('XXO X  O ', 6)": 0.39705443395267553, "('XXO X XOO', 5)": 0.0, "('O  XX  OX', 1)": 0.0, "('OX XXO OX', 6)": 0.0, "('    X OX ', 3)": 0.0, "(' O XX OX ', 2)": 0.0, "(' OXXXOOX ', 8)": 0.0, "('  OXX    ', 8)": 0.0, "('   XXO   ', 0)": 0.6568269073429842, "(' O XX    ', 6)": 0.8999999999999669, "(' O XXOX  ', 2)": 0.999999999999999, "('   XXO   ', 2)": 0.0, "(' OXXXOO X', 7)": 0.0, "('XO XXO   ', 2)": 0.0, "('XOXXXOO  ', 7)": 0.0, "('X OOXX   ', 6)": 0.0, "(' O XX    ', 8)": 0.0, "('O  XXO  X', 6)": 0.0, "('X  OXX O ', 6)": 0.0, "(' OXXXO   ', 0)": 0.0, "('   XXO   ', 6)": 0.44998181135982296, "(' XOOXXXO ', 0)": 0.0, "('X  OX    ', 1)": 0.0, "('XX OX   O', 5)": 0.0, "('    XO  X', 3)": 0.0, "('O  XXO  X', 2)": 0.0, "('O  XX    ', 8)": 0.0, "('O  XXO  X', 1)": 0.0, "(' X  X  O ', 2)": 0.10392946558650001, "(' XX XO O ', 8)": 0.0, "('  O XX   ', 7)": 0.0, "('  OOXX X ', 0)": 0.0, "('X   X XOO', 1)": 0.0, "('XX OX XOO', 5)": 0.0, "('   OXX OX', 1)": 0.0, "('X XOX O  ', 8)": 0.9999999999999996, "('X O XX  O', 7)": 0.0, "('X OOXX XO', 6)": 0.0, "('OXO X X  ', 8)": 0.0, "('X   X   O', 1)": 0.0, "('  X X O  ', 0)": 0.8201079128941829, "('    XX  O', 0)": 0.0,